Zipcode,Household_Income,Income_per_Capita,Population
95126,92788.0,54954.0,35988.0
95134,139558.0,65665.0,27224.0
95202,14484.0,12408.0,6001.0
95209,78883.0,27963.0,44313.0
95222,52289.0,36554.0,5090.0
95466,60139.0,27539.0,993.0
95490,42292.0,23061.0,12914.0
95551,53077.0,34557.0,1374.0
95562,37108.0,21983.0,3422.0
95620,78079.0,29336.0,21854.0
95132,111623.0,40047.0,41844.0
95135,142531.0,55729.0,22358.0
95136,104909.0,44041.0,47599.0
95212,88178.0,27395.0,28049.0
95227,92938.0,42927.0,842.0
95312,62688.0,21603.0,304.0
95313,48063.0,24107.0,1225.0
95317,39464.0,28575.0,906.0
95404,77127.0,43824.0,40474.0
95415,40878.0,26501.0,1262.0
95420,102607.0,37129.0,648.0
95445,56227.0,32089.0,2201.0
95449,46111.0,23632.0,1656.0
95005,87168.0,42459.0,7710.0
95008,115453.0,57933.0,46513.0
95018,102163.0,48623.0,7060.0
95020,95829.0,35608.0,63852.0
95041,56667.0,13416.0,353.0
95051,125520.0,54668.0,58123.0
95064,46375.0,6816.0,10299.0
95065,92225.0,48159.0,8355.0
95110,87634.0,37655.0,20203.0
95111,69039.0,24161.0,62392.0
95124,143425.0,57798.0,51170.0
95125,116708.0,64401.0,53574.0
95131,121567.0,46350.0,31170.0
95133,82487.0,34003.0,28726.0
95215,45501.0,18893.0,24371.0
95223,59330.0,42563.0,2860.0
95224,32961.0,42364.0,166.0
95303,58542.0,69405.0,871.0
95321,52297.0,36711.0,3337.0
95327,52656.0,25201.0,7711.0
95340,56089.0,27304.0,36373.0
95348,45195.0,21246.0,34241.0
95571,31458.0,20937.0,271.0
95240,46309.0,23137.0,48838.0
95366,84201.0,36351.0,17654.0
95367,67746.0,25442.0,25162.0
95374,49938.0,42253.0,1758.0
95382,69720.0,32078.0,38343.0
95439,52500.0,29250.0,774.0
95444,62685.0,25400.0,715.0
95323,65000.0,24317.0,1222.0
96145,72431.0,45692.0,2151.0
96021,43032.0,21100.0,16228.0
96074,38750.0,17121.0,174.0
96121,87596.0,45489.0,317.0
96112,44500.0,19644.0,202.0
96049,35625.0,11028.0,87.0
96111,51193.0,43684.0,94.0
96129,119111.0,46244.0,496.0
95465,58778.0,59975.0,2104.0
95672,102750.0,47294.0,5220.0
95834,63228.0,28273.0,28229.0
95460,64464.0,44392.0,2277.0
95585,22222.0,16124.0,483.0
95615,58231.0,23963.0,999.0
95692,72555.0,32745.0,5152.0
95742,126348.0,38958.0,11921.0
95961,52728.0,21896.0,27728.0
95121,102728.0,33599.0,38102.0
95461,42250.0,28720.0,2440.0
95542,31055.0,23719.0,2072.0
95543,35855.0,19470.0,664.0
95547,55577.0,33563.0,978.0
95549,70469.0,29315.0,1050.0
95554,62639.0,26445.0,287.0
95558,40000.0,37424.0,423.0
95565,39115.0,20786.0,772.0
95568,45769.0,19560.0,253.0
95605,45456.0,21989.0,14960.0
95232,56579.0,38346.0,164.0
95245,49549.0,30758.0,1851.0
95249,35745.0,19295.0,4854.0
95023,83305.0,31089.0,52646.0
95035,125055.0,43573.0,77562.0
95062,74061.0,40712.0,38028.0
95713,64176.0,35162.0,9764.0
95746,135360.0,66091.0,23492.0
95758,79885.0,32281.0,63894.0
95765,106554.0,42368.0,37878.0
95815,31467.0,17106.0,25224.0
95818,80938.0,52650.0,21732.0
95821,42290.0,27120.0,35430.0
95822,54552.0,27496.0,45323.0
95831,75632.0,42840.0,42514.0
95838,44849.0,17299.0,39187.0
95947,42277.0,23915.0,2005.0
95968,27195.0,16532.0,1287.0
95982,71714.0,29482.0,3229.0
96009,58281.0,40345.0,345.0
96027,57202.0,26481.0,2416.0
96035,41250.0,18843.0,3731.0
96038,47632.0,20881.0,827.0
96044,43026.0,24597.0,931.0
96065,35000.0,22677.0,359.0
96067,47964.0,35293.0,6910.0
96071,71071.0,31547.0,49.0
96080,41617.0,24053.0,28487.0
96094,51862.0,35911.0,6556.0
96107,55938.0,35660.0,1450.0
96118,46822.0,24258.0,1808.0
96132,31250.0,13205.0,93.0
96134,38500.0,23284.0,1918.0
96146,80000.0,68709.0,969.0
96086,41667.0,23340.0,309.0
96097,42332.0,25740.0,9647.0
96101,42097.0,22973.0,5500.0
96120,59625.0,26638.0,1044.0
96122,52083.0,30598.0,3044.0
96123,35250.0,10313.0,38.0
96128,64423.0,38617.0,674.0
95618,92531.0,49213.0,26743.0
95665,69265.0,33911.0,4664.0
95677,87014.0,37505.0,25279.0
95691,73086.0,32343.0,37906.0
95625,58371.0,54688.0,67.0
95527,42396.0,27528.0,570.0
95626,73355.0,28332.0,6335.0
95627,66169.0,25601.0,4263.0
95632,74190.0,28871.0,31431.0
95651,80926.0,52869.0,819.0
95653,58646.0,17597.0,563.0
95655,89107.0,32282.0,4178.0
95448,89719.0,56484.0,17482.0
95148,129984.0,38223.0,48854.0
95073,88667.0,44248.0,10949.0
95139,135089.0,46730.0,7293.0
95322,53737.0,23125.0,10546.0
95372,76667.0,30266.0,2164.0
95421,55833.0,35344.0,1681.0
95442,114879.0,66771.0,3136.0
95635,57899.0,31744.0,807.0
95351,40819.0,14375.0,50079.0
95013,67708.0,31097.0,77.0
95075,68125.0,40711.0,484.0
95645,40500.0,21119.0,1652.0
95458,41579.0,27716.0,3019.0
95610,58780.0,29122.0,45995.0
95361,62921.0,31293.0,34558.0
95457,48260.0,25505.0,3330.0
95616,52827.0,30911.0,52088.0
95248,28750.0,18272.0,189.0
95304,88152.0,32688.0,14539.0
95319,31512.0,15475.0,1529.0
95341,37105.0,15643.0,32446.0
95377,105120.0,33604.0,32501.0
95391,130476.0,38179.0,16562.0
95467,63384.0,30221.0,6044.0
95604,75729.0,48564.0,87.0
95652,51250.0,19563.0,667.0
95697,69688.0,22896.0,420.0
95757,101823.0,34128.0,49683.0
97635,26250.0,17909.0,138.0
95355,65854.0,30969.0,59028.0
95450,58958.0,39658.0,298.0
95589,51250.0,30427.0,982.0
96008,61900.0,30340.0,1328.0
96014,34762.0,20178.0,145.0
96016,94398.0,32212.0,375.0
95811,52145.0,45836.0,6050.0
95054,148011.0,56803.0,24264.0
95219,83194.0,44667.0,29668.0
95070,177041.0,85507.0,31308.0
96017,42143.0,32007.0,152.0
96020,56194.0,31626.0,2242.0
96031,23750.0,13102.0,136.0
96056,52019.0,27867.0,1572.0
96057,40469.0,26602.0,1299.0
95988,48493.0,23020.0,8381.0
95631,79000.0,32968.0,6800.0
95638,81500.0,39056.0,2121.0
95640,67635.0,21540.0,10977.0
95658,82781.0,46426.0,6853.0
95666,57813.0,33847.0,5113.0
95681,53362.0,22058.0,1148.0
95686,41094.0,17647.0,1209.0
95690,56850.0,30100.0,2122.0
95693,100679.0,41551.0,6759.0
95695,62380.0,30165.0,40857.0
95709,76472.0,36448.0,5315.0
95726,62699.0,32783.0,8170.0
95816,65292.0,53355.0,17217.0
95829,86483.0,30166.0,28134.0
95833,60455.0,28981.0,41209.0
95835,96743.0,41325.0,40101.0
95864,101446.0,60946.0,23733.0
96002,52693.0,27720.0,33901.0
96019,52135.0,23080.0,10111.0
96023,31481.0,19035.0,1114.0
96039,35197.0,27165.0,907.0
96048,50338.0,25287.0,713.0
96050,24938.0,24192.0,418.0
96051,46328.0,29215.0,1351.0
96001,51831.0,31635.0,34571.0
96010,43393.0,24833.0,146.0
96011,20833.0,15983.0,162.0
96029,40417.0,18564.0,195.0
96041,28880.0,21389.0,2797.0
96075,15391.0,12483.0,331.0
96084,41250.0,17282.0,458.0
96013,45319.0,20922.0,4810.0
96022,50625.0,25472.0,16442.0
96032,46213.0,25995.0,2510.0
96047,43750.0,27463.0,851.0
96052,34669.0,23966.0,1493.0
96054,39231.0,21163.0,339.0
96076,38333.0,21444.0,200.0
96103,65234.0,61215.0,1417.0
96104,43438.0,23588.0,603.0
96106,86250.0,40962.0,209.0
96109,42202.0,32428.0,758.0
96113,48824.0,13954.0,1957.0
96125,114297.0,85145.0,184.0
96133,23036.0,5288.0,234.0
96137,55043.0,31628.0,3336.0
96091,47500.0,33803.0,578.0
96096,53125.0,29010.0,732.0
96105,46161.0,37404.0,93.0
96148,73214.0,25780.0,696.0
96006,55000.0,29805.0,380.0
96007,43973.0,23950.0,23106.0
96062,60833.0,40075.0,1007.0
96063,49625.0,26450.0,292.0
96088,48056.0,28035.0,4419.0
96090,43906.0,24880.0,445.0
96093,42364.0,23830.0,3955.0
95113,122120.0,93662.0,1939.0
95116,60855.0,21655.0,56481.0
95206,48908.0,16747.0,64034.0
95207,44103.0,22854.0,51879.0
95220,74583.0,35532.0,7538.0
95936,21250.0,26524.0,114.0
95949,67873.0,35952.0,20519.0
95963,47205.0,21097.0,15043.0
96110,59250.0,32261.0,161.0
96116,51913.0,43443.0,159.0
96117,37647.0,14777.0,319.0
96059,39514.0,20622.0,599.0
96069,54676.0,30183.0,828.0
96130,56369.0,18353.0,20553.0
96150,56321.0,33569.0,29357.0
96064,48489.0,25638.0,4769.0
96073,85694.0,38083.0,3939.0
96087,40147.0,26100.0,589.0
96092,41964.0,39312.0,254.0
96114,87639.0,36861.0,3316.0
96124,41992.0,43012.0,329.0
96140,53239.0,36194.0,1019.0
96141,67679.0,53980.0,297.0
96142,74630.0,35872.0,807.0
96143,47946.0,29191.0,3391.0
96161,93971.0,49851.0,18333.0
96015,40993.0,13325.0,529.0
96024,41397.0,30708.0,933.0
96028,41897.0,28492.0,1359.0
96003,51512.0,28604.0,44475.0
96025,33857.0,21546.0,1957.0
96055,47798.0,25680.0,3914.0
96033,42500.0,21516.0,500.0
96034,33125.0,27296.0,236.0
96058,36838.0,23713.0,686.0
95236,74184.0,39004.0,4223.0
95251,58547.0,36662.0,582.0
95254,100795.0,42822.0,1151.0
95320,68326.0,31627.0,13094.0
95329,60556.0,30744.0,2685.0
95357,65933.0,26864.0,11322.0
95358,59708.0,21157.0,33345.0
95360,60586.0,23053.0,13029.0
95368,73073.0,23131.0,14520.0
95369,48750.0,24564.0,990.0
95370,55676.0,34826.0,27951.0
95376,76261.0,27415.0,53542.0
95386,58529.0,21618.0,10587.0
95410,47422.0,42317.0,1159.0
95429,54643.0,47411.0,124.0
95446,61161.0,39579.0,5100.0
95453,45763.0,28932.0,11092.0
95469,52650.0,27567.0,2015.0
95310,37929.0,29245.0,1995.0
95252,77188.0,30966.0,15703.0
95311,44107.0,28657.0,1649.0
95333,48785.0,23543.0,2479.0
95338,51833.0,28949.0,10898.0
95345,51563.0,27030.0,749.0
95354,49358.0,24357.0,24743.0
95379,62179.0,26731.0,3586.0
95388,44646.0,16877.0,14242.0
95401,66633.0,32952.0,38986.0
95407,59971.0,22678.0,42483.0
95417,63625.0,30386.0,389.0
95426,82219.0,36150.0,1404.0
95427,24125.0,18411.0,222.0
95428,37031.0,20927.0,2563.0
95432,44063.0,27098.0,519.0
95437,45833.0,25092.0,14632.0
95443,16250.0,11233.0,270.0
95463,61513.0,33206.0,152.0
95468,48365.0,26036.0,1325.0
95488,57452.0,34597.0,251.0
95546,34375.0,18856.0,3768.0
95556,39300.0,14807.0,627.0
95569,47609.0,28212.0,295.0
95660,45328.0,17712.0,36472.0
95663,98393.0,42181.0,2602.0
95014,160801.0,67384.0,62430.0
95033,162308.0,76740.0,9597.0
95039,41551.0,13687.0,1195.0
95112,63500.0,32583.0,61060.0
94123,148276.0,113535.0,25941.0
94521,97011.0,43449.0,43103.0
94587,105448.0,38484.0,74601.0
94060,111379.0,46907.0,1081.0
94025,151279.0,80653.0,42788.0
94963,116250.0,68001.0,498.0
94085,116332.0,54547.0,23612.0
94158,153077.0,86125.0,7291.0
94503,98247.0,33918.0,20306.0
94505,114977.0,47945.0,16251.0
94516,86250.0,41224.0,148.0
94528,140496.0,82247.0,307.0
94531,97104.0,31881.0,43788.0
94534,110761.0,47304.0,38444.0
94548,109453.0,51333.0,501.0
94551,113305.0,46851.0,45753.0
94582,156824.0,61219.0,42059.0
94597,105370.0,59789.0,22734.0
94720,250001.0,6509.0,2971.0
94957,250001.0,129559.0,1400.0
95010,80011.0,45342.0,9030.0
95046,113187.0,42906.0,6025.0
95076,63979.0,24596.0,86703.0
95117,91347.0,46620.0,29592.0
95118,107701.0,49225.0,32560.0
95122,73388.0,21697.0,57780.0
90010,61849.0,42734.0,3702.0
90024,63306.0,43406.0,50288.0
90025,83655.0,53136.0,47967.0
90029,39562.0,22947.0,37898.0
90201,42255.0,13464.0,102433.0
90031,44343.0,20318.0,38535.0
90035,79534.0,55360.0,28085.0
90063,46613.0,17166.0,52951.0
92691,113280.0,45150.0,50782.0
92706,64102.0,24661.0,35083.0
92808,124466.0,56427.0,20667.0
92882,75804.0,29623.0,71581.0
92887,142615.0,58524.0,20194.0
92327,27917.0,15006.0,740.0
92307,58819.0,27852.0,39273.0
92003,77208.0,44279.0,5042.0
92021,56863.0,25108.0,71321.0
92059,94399.0,46988.0,1456.0
92024,114131.0,62822.0,51496.0
92028,69620.0,33261.0,49380.0
92070,47583.0,32030.0,829.0
92071,83712.0,34043.0,57511.0
92101,66202.0,60051.0,39313.0
92110,68368.0,36860.0,29911.0
92111,69442.0,31245.0,49369.0
92119,84191.0,42059.0,23990.0
92127,134769.0,54525.0,48721.0
92129,121357.0,46483.0,54986.0
92201,42757.0,21696.0,65347.0
92210,99871.0,94908.0,5049.0
92211,62043.0,51867.0,25339.0
92241,30532.0,21078.0,7904.0
92242,29063.0,20254.0,1306.0
92243,46648.0,19288.0,50484.0
92251,84544.0,21479.0,23388.0
92252,37632.0,22923.0,9394.0
92260,54099.0,38433.0,34225.0
92266,28125.0,32253.0,108.0
92270,71227.0,64138.0,18075.0
92276,44970.0,21448.0,7772.0
92278,41912.0,21018.0,4737.0
92282,37177.0,18592.0,1373.0
92305,53854.0,32419.0,622.0
92320,52983.0,27865.0,8597.0
92356,30513.0,17115.0,6065.0
92382,58073.0,28477.0,4709.0
92384,167500.0,111492.0,13.0
92411,40539.0,13658.0,26563.0
92530,55399.0,19171.0,56511.0
92583,42931.0,19167.0,32692.0
92585,73417.0,27155.0,21732.0
92595,74735.0,27128.0,33642.0
91945,62698.0,23942.0,27193.0
91377,128622.0,63252.0,13730.0
91403,95944.0,67244.0,25218.0
91411,54555.0,30062.0,25801.0
91506,79148.0,43833.0,18575.0
91752,79181.0,26663.0,33135.0
91754,60261.0,29782.0,33058.0
91763,58094.0,19376.0,38406.0
91765,97968.0,38464.0,47139.0
91709,104590.0,37492.0,79298.0
91731,39383.0,16145.0,30139.0
91733,45519.0,15987.0,44968.0
91737,105406.0,40529.0,25339.0
91741,105874.0,45939.0,26565.0
91745,84224.0,32659.0,54975.0
91768,51149.0,17548.0,35389.0
91780,68456.0,29275.0,35351.0
91792,77333.0,27428.0,29839.0
91917,85096.0,22673.0,920.0
91325,68642.0,33345.0,34635.0
91326,112865.0,50165.0,37035.0
91345,75969.0,25259.0,19205.0
91356,74561.0,48629.0,30804.0
91402,42857.0,17373.0,70686.0
91436,149423.0,87458.0,15070.0
91501,70326.0,37341.0,20300.0
91605,47000.0,21039.0,52210.0
91723,64583.0,27741.0,18875.0
91739,105221.0,38907.0,39803.0
91740,82447.0,32701.0,26115.0
91744,66278.0,19111.0,87240.0
91746,68254.0,19081.0,30708.0
91750,86352.0,39330.0,33836.0
91759,52250.0,37331.0,374.0
91762,56881.0,21103.0,60699.0
94062,158269.0,90802.0,27757.0
94080,96927.0,39961.0,67597.0
94114,155551.0,105246.0,34754.0
94402,155078.0,79560.0,25764.0
94519,85906.0,35466.0,20121.0
94563,208640.0,107686.0,19341.0
94520,57252.0,26531.0,38568.0
94538,106139.0,41897.0,68111.0
94559,73408.0,38733.0,27523.0
94578,58120.0,29062.0,41059.0
94580,90946.0,32281.0,29942.0
92602,105433.0,46131.0,26044.0
92661,106673.0,98260.0,3225.0
92672,81347.0,51284.0,34110.0
92673,147747.0,62635.0,30927.0
92823,144325.0,52094.0,4721.0
92835,102929.0,52567.0,23867.0
92840,68233.0,24564.0,55186.0
92881,98861.0,37523.0,33996.0
92310,53333.0,20133.0,9086.0
92314,51752.0,27208.0,11361.0
92321,62171.0,27874.0,1166.0
92054,60017.0,32014.0,42173.0
92309,38750.0,14382.0,633.0
92311,42409.0,19801.0,33612.0
92339,60625.0,29435.0,1185.0
95129,144333.0,60422.0,39828.0
95203,41452.0,20824.0,15775.0
95205,35544.0,13793.0,38544.0
95641,36932.0,26016.0,1548.0
95642,54004.0,32330.0,6826.0
95648,81267.0,37312.0,52394.0
95661,83289.0,42736.0,31327.0
95670,64784.0,32965.0,54648.0
95683,107395.0,51501.0,6279.0
95688,88053.0,39146.0,37227.0
95701,71058.0,34395.0,806.0
95715,50250.0,28709.0,91.0
95776,77699.0,29937.0,23375.0
95814,35264.0,35600.0,11340.0
95832,44811.0,15591.0,11518.0
95837,242557.0,100901.0,305.0
95612,79750.0,36920.0,1078.0
95614,97407.0,41632.0,3961.0
95636,49981.0,25916.0,1087.0
95675,37772.0,15782.0,607.0
95685,61270.0,34963.0,4711.0
95687,81586.0,32534.0,68069.0
95722,98295.0,48152.0,4822.0
95735,151250.0,86110.0,10.0
95747,103895.0,43231.0,65335.0
95820,50031.0,23660.0,35477.0
95827,56064.0,26341.0,21185.0
95903,45250.0,19183.0,1630.0
95916,32273.0,18111.0,1216.0
95945,46771.0,31529.0,25519.0
95954,47563.0,23299.0,13495.0
95962,97523.0,45506.0,1278.0
95969,48717.0,30356.0,27967.0
92056,77751.0,35015.0,53845.0
95971,49614.0,27095.0,6254.0
95977,60683.0,27908.0,1617.0
95986,58214.0,27525.0,53.0
95002,91667.0,32310.0,2146.0
95006,90130.0,49880.0,9238.0
95019,46038.0,18877.0,7703.0
95119,118090.0,42580.0,10472.0
95127,92419.0,30157.0,65686.0
95128,88007.0,44611.0,37665.0
94702,78289.0,47049.0,17092.0
94704,31379.0,19692.0,29190.0
94707,149081.0,86585.0,11916.0
94904,129727.0,101282.0,12590.0
94014,88942.0,31989.0,49515.0
94020,116705.0,63657.0,1334.0
94028,220625.0,112644.0,6868.0
94040,129188.0,73521.0,35845.0
94102,41835.0,49103.0,31067.0
94111,110455.0,95683.0,3620.0
94010,144281.0,89944.0,42730.0
94044,115602.0,50826.0,39065.0
92106,102250.0,59840.0,19080.0
92108,72170.0,45628.0,22565.0
92109,77774.0,50446.0,48417.0
92121,106688.0,51946.0,4655.0
92128,97952.0,48630.0,51066.0
92227,43460.0,17973.0,27255.0
92249,44293.0,14547.0,7898.0
92257,21250.0,15896.0,1332.0
92264,50795.0,47152.0,19881.0
92277,40903.0,20826.0,23517.0
92301,38591.0,12496.0,33967.0
92315,51083.0,33110.0,5234.0
92105,40947.0,18338.0,72848.0
92107,82522.0,48291.0,31148.0
92805,63691.0,21779.0,74413.0
92596,101327.0,30702.0,30573.0
92780,70536.0,30388.0,61660.0
92010,102095.0,44911.0,16131.0
92011,114691.0,59956.0,24382.0
92058,46010.0,21442.0,45894.0
92081,76134.0,34082.0,29405.0
92145,162700.0,68622.0,2389.0
92322,29750.0,21683.0,686.0
92344,82229.0,26853.0,23003.0
92378,78571.0,29045.0,263.0
92385,49464.0,31849.0,202.0
92391,43523.0,21850.0,2479.0
92395,47921.0,21894.0,42741.0
92603,131196.0,75995.0,19650.0
92617,39135.0,20321.0,17086.0
92637,41928.0,40882.0,16228.0
92678,90962.0,40068.0,570.0
92394,53636.0,16621.0,35365.0
92544,49793.0,22062.0,48923.0
92067,163281.0,74256.0,8756.0
92250,53042.0,19452.0,8979.0
92545,46910.0,22929.0,42248.0
92626,84968.0,42080.0,50541.0
92019,82261.0,35726.0,42400.0
93001,65884.0,33782.0,33185.0
93013,77711.0,47044.0,16644.0
93041,63103.0,23651.0,24506.0
93101,56697.0,33101.0,31624.0
93206,36172.0,15143.0,1970.0
93004,82240.0,36966.0,30502.0
93021,104483.0,43826.0,38063.0
93022,75500.0,35511.0,7232.0
93222,60742.0,36503.0,1481.0
93234,24412.0,9598.0,7260.0
93242,44741.0,20173.0,3541.0
93247,34309.0,14504.0,18522.0
93249,35094.0,11559.0,2088.0
91354,126753.0,47694.0,32096.0
91010,72381.0,30009.0,26601.0
91203,55783.0,30757.0,15000.0
91340,53564.0,18502.0,36227.0
91362,109934.0,59080.0,36062.0
91364,103278.0,55861.0,27340.0
91202,70841.0,39089.0,23317.0
91207,88365.0,52898.0,11371.0
91208,102950.0,51866.0,16049.0
91214,100625.0,42574.0,30654.0
91307,116803.0,48443.0,26595.0
91311,86156.0,41075.0,40420.0
93252,30526.0,11648.0,2738.0
93270,37697.0,18998.0,5542.0
93291,57223.0,25454.0,57968.0
93304,38102.0,16304.0,49976.0
93306,53254.0,23263.0,73401.0
93307,38891.0,14175.0,84809.0
93420,83210.0,41128.0,30136.0
93454,62015.0,22512.0,40604.0
93458,53890.0,15745.0,57369.0
93461,56208.0,25507.0,1451.0
93536,75380.0,28224.0,72383.0
93546,66500.0,33649.0,9359.0
93635,52664.0,20872.0,40759.0
93640,29962.0,9179.0,12727.0
93646,26413.0,11048.0,10873.0
93647,36884.0,13227.0,10896.0
93653,70370.0,32755.0,1383.0
93657,53624.0,22576.0,34723.0
93703,31209.0,14447.0,33000.0
93725,43469.0,15549.0,26980.0
93436,59375.0,26175.0,56406.0
93441,101964.0,55126.0,1013.0
93518,36298.0,28612.0,975.0
92358,41100.0,29279.0,782.0
92404,44474.0,17474.0,61216.0
92407,63171.0,19507.0,69222.0
92561,71343.0,40499.0,1278.0
92651,126469.0,92802.0,24746.0
92653,99078.0,48483.0,29986.0
92656,108288.0,47999.0,52124.0
92692,114167.0,52914.0,47576.0
92703,57186.0,15714.0,70595.0
92782,112204.0,55817.0,22704.0
92801,60554.0,21624.0,67053.0
92807,107390.0,47244.0,35777.0
92831,65948.0,31315.0,37353.0
92832,61208.0,26919.0,25134.0
92833,74578.0,31792.0,52922.0
92845,99063.0,40517.0,16600.0
92612,79366.0,45861.0,32362.0
92614,97742.0,47091.0,26676.0
92627,71776.0,36552.0,63212.0
92647,80218.0,35934.0,62718.0
92648,93413.0,57288.0,46890.0
92655,42342.0,19283.0,8415.0
92663,103965.0,75326.0,21572.0
92676,103935.0,51174.0,2154.0
92707,73648.0,21047.0,61026.0
92841,59882.0,22930.0,34061.0
92844,57126.0,21846.0,23878.0
92861,146417.0,71700.0,5872.0
92865,101643.0,35984.0,20741.0
92868,65217.0,25123.0,27693.0
92009,126348.0,60032.0,45827.0
92014,140625.0,91177.0,13863.0
92029,90278.0,43994.0,19149.0
92057,72633.0,31842.0,58347.0
92061,44325.0,21303.0,2376.0
92082,83788.0,35805.0,18065.0
92102,47467.0,22676.0,44500.0
92131,128653.0,55063.0,34359.0
92203,67739.0,33932.0,30744.0
92239,40000.0,24428.0,274.0
92268,47500.0,30714.0,597.0
92281,35809.0,13260.0,2859.0
92352,79340.0,41295.0,5729.0
92368,32545.0,14731.0,1100.0
92373,69818.0,40954.0,33264.0
92374,71297.0,29683.0,43633.0
94933,79028.0,40688.0,671.0
94941,145602.0,97545.0,32013.0
94971,106000.0,79907.0,288.0
94924,59167.0,52677.0,1134.0
94920,166313.0,119318.0,12797.0
94949,89871.0,57090.0,17452.0
94956,68651.0,58372.0,1224.0
94002,134529.0,70269.0,27202.0
94107,150451.0,93088.0,29689.0
94109,88593.0,80359.0,56677.0
94115,114819.0,83646.0,35004.0
94124,56607.0,28457.0,35363.0
94130,59063.0,20774.0,3064.0
94133,66811.0,58218.0,26527.0
94502,140463.0,58560.0,14619.0
94507,226450.0,98590.0,15646.0
94514,68958.0,39569.0,1461.0
94523,109161.0,51967.0,35096.0
94539,170358.0,61948.0,52802.0
94544,74896.0,28569.0,79235.0
94005,110372.0,57719.0,4692.0
94019,122959.0,63219.0,20314.0
94024,237454.0,106527.0,23961.0
94030,120533.0,54618.0,22710.0
94037,90066.0,50159.0,2692.0
94103,57015.0,61694.0,28735.0
94104,52679.0,70085.0,546.0
94127,158162.0,76075.0,21423.0
94129,184035.0,82404.0,3994.0
94501,89769.0,46554.0,63843.0
94525,74534.0,41184.0,3094.0
94549,159583.0,85832.0,29639.0
94560,108181.0,39107.0,46276.0
94568,140864.0,57510.0,54420.0
94619,85855.0,45967.0,24308.0
94804,55903.0,27156.0,41510.0
94925,147587.0,76803.0,9866.0
92386,40714.0,24493.0,2140.0
92397,61496.0,32989.0,4571.0
92549,68977.0,36199.0,2464.0
92563,90906.0,29246.0,68128.0
92591,83189.0,33885.0,41107.0
92610,131845.0,54090.0,14149.0
92624,97976.0,60013.0,6402.0
92629,100243.0,62317.0,26744.0
92649,97459.0,54453.0,34406.0
92701,46728.0,15878.0,53565.0
92675,88692.0,47285.0,37457.0
92683,61813.0,27611.0,91376.0
94929,117813.0,65447.0,219.0
94065,161719.0,80612.0,12579.0
94066,102081.0,45233.0,43124.0
94086,129112.0,63667.0,49630.0
94304,127731.0,101737.0,3902.0
94110,123576.0,65610.0,74161.0
94112,89355.0,34344.0,85166.0
94132,74187.0,35562.0,31488.0
94511,38801.0,30032.0,2010.0
94513,103128.0,38990.0,62991.0
94533,67442.0,28050.0,75635.0
94061,105513.0,52419.0,39624.0
94070,172048.0,84104.0,31049.0
94105,213009.0,138902.0,9155.0
94121,95036.0,56800.0,43795.0
94301,153733.0,103513.0,17191.0
94303,103680.0,49065.0,48039.0
94305,54653.0,33775.0,15730.0
94403,123968.0,60951.0,44300.0
94572,69491.0,34356.0,10411.0
94579,79907.0,32697.0,22040.0
94589,64860.0,25496.0,30668.0
94603,50742.0,19338.0,34593.0
94605,69087.0,37495.0,43112.0
94612,51006.0,48526.0,16062.0
94706,91588.0,47251.0,21040.0
94923,86802.0,111809.0,846.0
94928,66621.0,30602.0,44103.0
94938,88636.0,49254.0,790.0
94939,107055.0,80478.0,7108.0
94945,106425.0,51320.0,19035.0
94569,153750.0,90611.0,205.0
94517,143591.0,62039.0,13476.0
94545,83132.0,31905.0,32525.0
94556,150372.0,77165.0,16368.0
94574,89095.0,65205.0,8677.0
94583,146696.0,59416.0,35102.0
94586,125568.0,68908.0,899.0
94601,46830.0,20335.0,52299.0
94621,38591.0,15973.0,35287.0
94708,160938.0,91816.0,11455.0
94710,67250.0,40417.0,7461.0
94117,152071.0,86117.0,44239.0
94134,76229.0,31223.0,42471.0
94404,143109.0,68486.0,36905.0
94506,205121.0,83545.0,25258.0
94509,60821.0,25688.0,66933.0
94510,98940.0,50686.0,28262.0
94801,51516.0,22799.0,29958.0
94803,85266.0,41315.0,26165.0
94901,87495.0,51228.0,42482.0
94947,102748.0,52674.0,26573.0
94952,84772.0,45766.0,36184.0
94960,130016.0,77709.0,15725.0
94970,120882.0,74144.0,689.0
94542,108438.0,42189.0,14217.0
94550,128466.0,55188.0,50500.0
95387,39952.0,12546.0,710.0
95403,73985.0,35630.0,45355.0
95409,74333.0,45402.0,27312.0
95422,29069.0,16813.0,15550.0
95423,44611.0,29777.0,3757.0
95425,69153.0,34695.0,10586.0
95454,34699.0,24404.0,2198.0
95456,44261.0,35388.0,754.0
95459,50972.0,24852.0,618.0
95464,45246.0,20368.0,2538.0
95493,62760.0,31098.0,241.0
95525,46653.0,27763.0,1433.0
94553,96997.0,45650.0,49699.0
94602,90661.0,50952.0,29933.0
94608,82753.0,50280.0,30289.0
94609,80026.0,47790.0,22811.0
94931,76497.0,35693.0,8601.0
94946,103750.0,83027.0,694.0
94950,70547.0,49014.0,134.0
94973,72135.0,70392.0,1342.0
94555,142135.0,51491.0,38388.0
94571,66911.0,35946.0,9784.0
91344,92286.0,38304.0,53266.0
91730,69034.0,28145.0,71422.0
91764,56168.0,21097.0,54825.0
91775,82598.0,36417.0,25192.0
91790,79926.0,26836.0,45206.0
91977,64173.0,25474.0,63393.0
91020,73839.0,35586.0,8720.0
91030,96692.0,57477.0,25794.0
91104,74011.0,36603.0,37974.0
91205,43769.0,25138.0,37618.0
91007,80166.0,38448.0,34523.0
91042,55507.0,29928.0,26631.0
91206,62915.0,35828.0,34386.0
91301,121614.0,61015.0,25631.0
91320,115102.0,50055.0,45520.0
91321,68831.0,31468.0,34355.0
91350,112664.0,39763.0,37350.0
91351,80397.0,30280.0,32572.0
91361,121331.0,79626.0,20443.0
91601,52607.0,34693.0,37085.0
91606,46397.0,24006.0,44476.0
91732,51899.0,18266.0,63572.0
91755,52624.0,26307.0,27734.0
91801,55832.0,29698.0,54479.0
91803,60394.0,27343.0,30385.0
91786,58649.0,25794.0,53849.0
91789,99398.0,37295.0,44474.0
91791,80890.0,31375.0,34363.0
91360,95852.0,41846.0,43342.0
91040,81940.0,38153.0,20207.0
91352,55177.0,20817.0,47438.0
91101,65592.0,42724.0,21394.0
95476,76151.0,50187.0,36792.0
95485,37102.0,24212.0,2688.0
95524,73531.0,41389.0,1724.0
95492,99521.0,39479.0,29920.0
95501,42500.0,27488.0,23467.0
93591,46258.0,15579.0,6579.0
93609,41569.0,15881.0,5586.0
93616,35066.0,14746.0,2664.0
93618,42665.0,16411.0,31230.0
93626,82500.0,41148.0,1983.0
93501,32109.0,17800.0,4861.0
93505,48312.0,18682.0,13606.0
93526,41625.0,31891.0,570.0
93552,63261.0,19685.0,40266.0
93560,56274.0,24688.0,20929.0
93608,39844.0,13334.0,940.0
93669,35833.0,22595.0,164.0
93701,21820.0,9738.0,10274.0
93728,34667.0,18127.0,16382.0
93924,103426.0,63085.0,6568.0
93925,53222.0,15911.0,2155.0
93933,64921.0,29586.0,25015.0
93638,41129.0,14981.0,50894.0
93651,108594.0,42956.0,1915.0
93660,32627.0,11815.0,4228.0
93664,102222.0,58898.0,408.0
93667,76719.0,32501.0,2415.0
93673,39643.0,12608.0,740.0
93711,71825.0,45889.0,38349.0
93720,84614.0,41127.0,47270.0
93907,76360.0,32551.0,22766.0
93921,91313.0,63701.0,3379.0
93930,48141.0,16878.0,17142.0
93012,103043.0,49602.0,36225.0
93030,68543.0,22872.0,59755.0
93040,49853.0,18530.0,2007.0
93110,81429.0,48566.0,16660.0
93212,38075.0,9441.0,23424.0
93218,24583.0,12275.0,873.0
93260,40521.0,19741.0,228.0
93261,20845.0,8896.0,2715.0
93263,42953.0,15655.0,21572.0
93267,32319.0,14083.0,6347.0
93274,52096.0,20659.0,73778.0
93276,27361.0,16383.0,186.0
93422,82548.0,39077.0,33806.0
93455,84404.0,34771.0,45116.0
93612,42664.0,21778.0,35450.0
93621,42353.0,30881.0,94.0
92078,79673.0,37471.0,49034.0
92117,77621.0,37322.0,56173.0
92123,78880.0,38606.0,31216.0
92139,64510.0,23318.0,37040.0
92173,42561.0,14981.0,31866.0
92223,73588.0,28331.0,53914.0
92230,48284.0,16368.0,3406.0
92240,36067.0,17296.0,34447.0
92254,24755.0,10495.0,10385.0
92313,67034.0,29389.0,12512.0
92316,55603.0,18195.0,28783.0
93606,30855.0,11700.0,949.0
93624,32167.0,8939.0,1041.0
93648,33117.0,12232.0,16194.0
93654,46839.0,18972.0,30935.0
93656,50902.0,16648.0,6323.0
93010,92045.0,41674.0,45092.0
93015,67882.0,23694.0,17817.0
93117,62547.0,26646.0,58431.0
93202,48302.0,17188.0,3777.0
93223,38360.0,13084.0,10742.0
93244,67625.0,46611.0,395.0
93277,57596.0,27310.0,53015.0
93292,54832.0,24086.0,41031.0
93305,31454.0,12467.0,38725.0
93313,72946.0,23856.0,52637.0
93405,45611.0,19751.0,36550.0
93424,71090.0,76415.0,776.0
93432,90321.0,44028.0,1125.0
93433,68333.0,31949.0,13538.0
93450,51250.0,19351.0,806.0
93460,92557.0,48332.0,4929.0
93465,84366.0,39822.0,8914.0
93532,62932.0,29955.0,2871.0
93550,41675.0,16153.0,77006.0
93551,92500.0,34888.0,51085.0
93561,63288.0,27063.0,34839.0
93563,82656.0,33996.0,408.0
93602,65231.0,29425.0,3967.0
93605,91250.0,29528.0,188.0
93610,48694.0,16030.0,23607.0
93644,52597.0,29983.0,8981.0
93662,42305.0,17473.0,30922.0
93668,45074.0,19664.0,1173.0
93704,56769.0,29063.0,29294.0
93726,38435.0,16716.0,43209.0
93906,65203.0,22839.0,65256.0
93908,135606.0,61378.0,12093.0
93923,95644.0,73786.0,12833.0
93665,37018.0,11217.0,875.0
93702,26580.0,11091.0,44139.0
93705,38105.0,17020.0,37707.0
93706,30433.0,13474.0,40936.0
93710,49882.0,23107.0,32625.0
93905,49659.0,14162.0,60408.0
93940,81807.0,48311.0,32411.0
95130,120639.0,54504.0,14863.0
95138,173286.0,66825.0,20766.0
95210,43587.0,18185.0,41117.0
95233,70625.0,29872.0,567.0
95237,56190.0,28181.0,3531.0
95255,34444.0,22117.0,1358.0
95257,51193.0,26032.0,433.0
95306,45705.0,36432.0,882.0
95307,54405.0,18851.0,44736.0
95316,67012.0,27554.0,6616.0
95335,40893.0,20061.0,201.0
95336,62362.0,26212.0,47612.0
93927,55788.0,16283.0,18778.0
93035,86630.0,37883.0,29404.0
93067,57788.0,55161.0,454.0
93203,38836.0,12164.0,22744.0
93060,58352.0,22877.0,34181.0
93065,98946.0,42269.0,72061.0
93066,101827.0,55558.0,3112.0
93105,91966.0,52415.0,27515.0
93215,41877.0,13110.0,55269.0
93219,29176.0,11630.0,10167.0
93225,43021.0,24107.0,4816.0
95030,197647.0,115627.0,13288.0
95037,120864.0,52449.0,51652.0
95043,74205.0,40271.0,732.0
95045,77644.0,32621.0,4181.0
95050,88872.0,40803.0,39452.0
95066,106113.0,58559.0,15217.0
95120,185800.0,72890.0,37774.0
95123,112946.0,44898.0,67186.0
95225,66417.0,27102.0,470.0
95228,80706.0,38596.0,4501.0
95242,68611.0,37866.0,26235.0
95258,88630.0,43680.0,3881.0
95301,57322.0,23401.0,38707.0
95324,62022.0,30899.0,8016.0
95330,81339.0,24171.0,21552.0
95346,65365.0,34464.0,1661.0
95365,39808.0,14066.0,4710.0
95380,45901.0,21882.0,42672.0
95385,51429.0,24070.0,440.0
95389,63214.0,33533.0,1392.0
95405,84354.0,42282.0,21448.0
95412,70536.0,33446.0,402.0
95436,63556.0,41844.0,6352.0
95441,86154.0,40744.0,2053.0
95451,51469.0,28745.0,11627.0
95462,45588.0,37205.0,1265.0
95470,62600.0,29476.0,5719.0
95472,87716.0,47207.0,30762.0
95482,50000.0,28054.0,31847.0
95497,78350.0,53803.0,1161.0
95503,51462.0,26526.0,25503.0
95519,52758.0,28162.0,19099.0
95531,46282.0,22538.0,23470.0
95536,51424.0,31339.0,2898.0
95559,2499.0,,72.0
95564,41250.0,23803.0,432.0
95607,68990.0,56994.0,327.0
95608,61437.0,38483.0,61860.0
95619,67632.0,30540.0,5674.0
95624,91971.0,35090.0,65742.0
95004,106047.0,40949.0,3956.0
95032,135833.0,74430.0,26281.0
95060,71485.0,43396.0,47367.0
92040,74918.0,31295.0,46261.0
91384,108102.0,31494.0,28842.0
91405,43548.0,21483.0,55384.0
91505,84651.0,45028.0,30680.0
91607,62139.0,42030.0,30873.0
91701,94591.0,36446.0,40034.0
91722,77459.0,25475.0,35708.0
91748,71000.0,27660.0,47084.0
91761,71727.0,24248.0,61124.0
91773,84355.0,36302.0,34496.0
91784,118916.0,50643.0,25567.0
91905,34911.0,20955.0,1478.0
91910,61922.0,27841.0,74297.0
91304,68282.0,31446.0,53761.0
91324,75949.0,35218.0,29617.0
91335,60413.0,25396.0,80524.0
91342,70106.0,23545.0,96487.0
91343,62791.0,23175.0,66590.0
91105,122917.0,75672.0,12191.0
91016,74076.0,36750.0,41671.0
91108,158884.0,76675.0,13538.0
91204,45245.0,22365.0,18720.0
91303,55130.0,23826.0,31053.0
91306,67869.0,26645.0,49158.0
91331,60360.0,18397.0,105799.0
91604,103470.0,74954.0,32117.0
91702,62514.0,20939.0,62348.0
91024,96630.0,59521.0,11006.0
91106,80291.0,49582.0,25375.0
91107,95630.0,51685.0,32364.0
91355,92707.0,42911.0,31455.0
91401,54058.0,30819.0,41412.0
91381,128310.0,54992.0,20371.0
91406,55542.0,25897.0,55215.0
91423,83732.0,62619.0,33737.0
91502,38147.0,25992.0,11598.0
91602,81917.0,55190.0,19358.0
91706,62161.0,18853.0,77342.0
91710,79592.0,24103.0,90582.0
91711,97593.0,43584.0,36854.0
91906,47227.0,21279.0,4351.0
91913,96617.0,33917.0,53072.0
91942,61628.0,32733.0,40205.0
91962,107390.0,40621.0,2378.0
91978,72933.0,27961.0,10518.0
91001,98289.0,48448.0,37711.0
95526,30000.0,23523.0,210.0
95548,36125.0,17705.0,1224.0
95555,32083.0,25785.0,337.0
95570,51406.0,36725.0,2274.0
95573,49306.0,23081.0,1554.0
91316,74611.0,44289.0,29964.0
91504,75825.0,39471.0,26863.0
91724,83598.0,31907.0,26091.0
91103,69059.0,35115.0,28425.0
91008,117955.0,75536.0,1141.0
91046,28125.0,31015.0,143.0
91210,159500.0,93135.0,689.0
91387,90433.0,34263.0,43717.0
91390,116298.0,43281.0,19053.0
91708,90612.0,16576.0,3892.0
91915,112083.0,33654.0,31740.0
92335,50730.0,16138.0,99284.0
92371,55153.0,19851.0,17882.0
92372,50964.0,25340.0,6282.0
92392,57885.0,20549.0,58204.0
92505,64505.0,22465.0,51322.0
92401,23295.0,13259.0,1929.0
92408,39472.0,14209.0,14434.0
92504,62699.0,24598.0,59556.0
92506,91216.0,39375.0,45854.0
92509,66232.0,20402.0,81214.0
92539,42370.0,19860.0,4703.0
92543,33197.0,15787.0,37615.0
92586,39780.0,25958.0,20032.0
92592,101676.0,36385.0,84418.0
92618,101822.0,53112.0,43316.0
92625,140232.0,112566.0,12148.0
92679,162447.0,68790.0,32579.0
92688,108876.0,47463.0,45178.0
92708,84509.0,37851.0,57416.0
92806,68272.0,27724.0,39719.0
92843,60232.0,20948.0,46036.0
92870,89360.0,36425.0,53582.0
92004,38856.0,31174.0,2414.0
92007,106811.0,59649.0,11234.0
92037,105904.0,80761.0,39724.0
92020,55666.0,26344.0,58742.0
92025,60042.0,26004.0,53772.0
92027,63904.0,25622.0,56811.0
92065,89750.0,37029.0,36309.0
94591,80888.0,34621.0,55334.0
94595,73783.0,60641.0,17938.0
94596,101259.0,63700.0,20822.0
94598,148313.0,68779.0,27780.0
94606,53108.0,29339.0,38303.0
94610,96681.0,67152.0,31496.0
94618,156116.0,90384.0,17041.0
94703,77259.0,45542.0,21937.0
94705,121219.0,85752.0,13365.0
94937,82903.0,48318.0,816.0
94940,91688.0,44147.0,234.0
94965,103424.0,83637.0,11408.0
94558,88765.0,43035.0,69142.0
94564,90596.0,38461.0,19200.0
94015,90972.0,36257.0,64887.0
94027,250001.0,162635.0,7444.0
94038,144327.0,58440.0,3687.0
94041,129444.0,75692.0,14394.0
92066,59688.0,25461.0,572.0
92091,141818.0,93849.0,1343.0
92103,77551.0,58837.0,34878.0
92113,36787.0,15371.0,55623.0
92116,67461.0,46343.0,33767.0
92118,101520.0,58902.0,22484.0
92075,105027.0,64236.0,12624.0
92083,63262.0,23334.0,39043.0
92084,66099.0,27357.0,51419.0
92104,64157.0,40785.0,45202.0
92325,57153.0,29148.0,8621.0
92333,74706.0,43697.0,316.0
92336,90172.0,27556.0,96575.0
92365,55729.0,22044.0,2792.0
92389,27625.0,17975.0,146.0
92398,54073.0,21582.0,2098.0
92606,96588.0,44534.0,24694.0
92802,58944.0,21754.0,42248.0
92501,56239.0,23767.0,21656.0
92508,104668.0,33637.0,39225.0
92518,74741.0,39051.0,1186.0
92705,101711.0,47269.0,46470.0
92883,106403.0,37492.0,35072.0
92536,53107.0,25022.0,3028.0
92557,70234.0,23899.0,52089.0
92571,61780.0,17173.0,56446.0
92582,70578.0,19734.0,16783.0
92584,88201.0,29646.0,51298.0
92064,105788.0,43847.0,49933.0
92069,69625.0,28023.0,51447.0
92086,37333.0,33520.0,1544.0
92126,93994.0,35976.0,82572.0
92130,149344.0,68782.0,55316.0
92236,34222.0,16361.0,45090.0
92256,50515.0,28363.0,3282.0
92283,23413.0,14425.0,1694.0
92328,34375.0,29877.0,354.0
92363,31958.0,19471.0,5407.0
92008,85980.0,50253.0,27330.0
92036,52451.0,29361.0,2221.0
92587,80156.0,35397.0,17468.0
92590,70865.0,42413.0,4388.0
92620,110483.0,49437.0,48952.0
92630,92552.0,41918.0,61304.0
92657,204688.0,125710.0,9670.0
92660,122222.0,79397.0,36906.0
92694,166262.0,61902.0,29064.0
92704,65645.0,20145.0,90340.0
92867,90233.0,37174.0,44628.0
92880,105087.0,31260.0,69720.0
92886,123737.0,51620.0,50545.0
92562,89002.0,35853.0,64116.0
92354,54850.0,29702.0,21679.0
92377,83384.0,27419.0,19556.0
92507,48872.0,20230.0,57886.0
92548,44717.0,16722.0,8273.0
92551,61938.0,18520.0,33578.0
92553,50741.0,16445.0,75830.0
92567,68086.0,21690.0,10228.0
92570,52325.0,18062.0,60944.0
92604,105108.0,44060.0,28819.0
92646,96915.0,46143.0,55893.0
92662,106143.0,117060.0,2606.0
92677,103322.0,55367.0,66406.0
92804,61611.0,23692.0,88749.0
92821,89970.0,41089.0,37529.0
92860,96214.0,33402.0,26591.0
92866,72846.0,34636.0,15017.0
92879,66638.0,26427.0,46920.0
92337,77087.0,23918.0,38868.0
92342,75109.0,30627.0,6508.0
92345,50836.0,18634.0,80808.0
92346,61823.0,24897.0,61751.0
92347,45168.0,11442.0,843.0
92359,62306.0,27350.0,9056.0
92376,52618.0,17166.0,87027.0
92399,63984.0,29247.0,54163.0
92405,39681.0,15398.0,30511.0
92410,30072.0,12764.0,45641.0
92503,66579.0,24161.0,94512.0
92532,85181.0,27094.0,25475.0
92555,84612.0,25703.0,43957.0
92869,102536.0,42140.0,36913.0
92124,89080.0,39238.0,32170.0
92225,41886.0,17773.0,22149.0
92231,40759.0,16041.0,40019.0
92234,46367.0,25739.0,53961.0
92324,51105.0,20279.0,59409.0
92253,81193.0,46445.0,40368.0
92259,31786.0,28727.0,94.0
92262,49229.0,38276.0,28517.0
92273,27054.0,11468.0,1704.0
92275,27794.0,15712.0,2456.0
92284,41989.0,25625.0,26085.0
92285,31458.0,20331.0,2142.0
92026,71597.0,32134.0,49921.0
95595,47500.0,85598.0,182.0
95621,59693.0,29377.0,41757.0
95452,87961.0,46764.0,970.0
95521,36051.0,26207.0,21462.0
95528,56250.0,27620.0,1493.0
95540,46302.0,22081.0,14305.0
95552,27056.0,19871.0,659.0
95560,78566.0,35139.0,1466.0
95606,54152.0,34788.0,240.0
95629,75852.0,29998.0,795.0
95633,74362.0,33531.0,3857.0
95637,51641.0,15693.0,227.0
95662,77993.0,35382.0,32006.0
95667,69443.0,36315.0,36620.0
95678,70060.0,34310.0,43132.0
95682,87743.0,40061.0,30141.0
95823,44981.0,18230.0,79272.0
95825,37956.0,24738.0,35825.0
95826,62527.0,30793.0,38256.0
95920,46250.0,32915.0,285.0
95925,22669.0,20973.0,209.0
95674,83654.0,36159.0,913.0
95659,64375.0,33162.0,861.0
95668,64375.0,28414.0,743.0
95669,70417.0,30926.0,2348.0
95717,54643.0,41398.0,106.0
95720,43750.0,36416.0,83.0
95828,51229.0,20117.0,60270.0
95830,80278.0,37217.0,902.0
95842,50412.0,22419.0,32269.0
95901,49759.0,22208.0,33442.0
95350,49832.0,25543.0,53098.0
95919,46995.0,25169.0,1182.0
95928,47599.0,29696.0,37558.0
95943,58309.0,38308.0,908.0
95957,60625.0,29303.0,888.0
95973,64517.0,35161.0,35445.0
95630,109942.0,45371.0,76973.0
95639,59226.0,21171.0,321.0
91766,55785.0,19179.0,72332.0
91767,57521.0,21302.0,50264.0
91770,53506.0,20042.0,63425.0
91776,54131.0,23201.0,38410.0
91911,58598.0,22460.0,85365.0
91941,86791.0,40107.0,32384.0
91367,87699.0,50072.0,45282.0
93210,59302.0,21799.0,18025.0
93243,40595.0,19586.0,1938.0
93250,35112.0,11002.0,16088.0
93257,41048.0,17286.0,76923.0
93615,36311.0,11598.0,6513.0
93620,42484.0,21331.0,8889.0
93622,42399.0,15783.0,10395.0
93650,33100.0,16396.0,3477.0
93512,45481.0,30083.0,313.0
93516,46739.0,23917.0,2335.0
93523,63274.0,24419.0,3700.0
93527,72595.0,33293.0,1618.0
93531,135917.0,43710.0,388.0
93534,39906.0,18492.0,39088.0
93553,57833.0,32222.0,1781.0
93675,72000.0,28635.0,3759.0
93721,26885.0,15278.0,7611.0
93722,56028.0,21684.0,83179.0
93901,60060.0,28486.0,27805.0
93920,53690.0,30782.0,1403.0
93950,81710.0,49909.0,15595.0
93239,29145.0,12140.0,1520.0
93241,39463.0,12108.0,16834.0
93255,23333.0,29630.0,556.0
93256,27611.0,9909.0,5939.0
93280,37770.0,12264.0,27698.0
93301,35412.0,21747.0,12028.0
93437,63777.0,22696.0,3379.0
93445,64541.0,25788.0,7383.0
93442,68115.0,36903.0,10976.0
93444,83222.0,37217.0,20775.0
93453,43186.0,29510.0,2953.0
93463,81914.0,47873.0,8025.0
93514,57027.0,32632.0,14412.0
93549,61875.0,34055.0,264.0
93562,34643.0,20420.0,1723.0
93268,46289.0,20648.0,17964.0
93271,70972.0,39528.0,2432.0
93954,58500.0,13702.0,472.0
93955,61445.0,24851.0,34395.0
93960,58981.0,14358.0,26610.0
95514,58333.0,44670.0,117.0
95567,50938.0,30295.0,2066.0
95602,73485.0,37704.0,18063.0
95603,66272.0,38400.0,29244.0
95628,81235.0,44477.0,41121.0
95634,54013.0,26207.0,3445.0
95646,60875.0,31325.0,76.0
95650,93783.0,45299.0,14059.0
95664,71921.0,27425.0,1589.0
95673,62604.0,23162.0,15753.0
95684,60163.0,30795.0,3384.0
93962,117593.0,42186.0,385.0
93272,34706.0,11878.0,4454.0
93308,43659.0,22512.0,53702.0
93402,75302.0,39908.0,16350.0
93429,49286.0,19575.0,111.0
93430,63373.0,44411.0,2947.0
93063,89341.0,38684.0,56651.0
93205,22746.0,21189.0,1384.0
93224,43250.0,20271.0,453.0
93226,44464.0,38891.0,180.0
93240,42758.0,23805.0,6343.0
93251,45500.0,20194.0,229.0
95694,82620.0,37499.0,10386.0
95703,82794.0,39473.0,938.0
95714,46705.0,36075.0,440.0
95762,132470.0,55047.0,42494.0
95817,45410.0,28750.0,13461.0
95819,104414.0,52029.0,19659.0
95824,33986.0,14063.0,30296.0
95843,78102.0,27488.0,46709.0
95917,57917.0,26530.0,4030.0
95918,79152.0,39441.0,2643.0
95922,59531.0,35041.0,454.0
95926,45782.0,27443.0,39012.0
95932,50551.0,25823.0,7742.0
95938,82097.0,34691.0,4350.0
95946,65500.0,37698.0,9370.0
95955,67875.0,31934.0,1435.0
95959,60985.0,38781.0,17910.0
95965,33561.0,18283.0,20460.0
95966,44381.0,22513.0,29367.0
95970,50188.0,40090.0,551.0
95993,67384.0,29308.0,36962.0
95204,48062.0,26860.0,28425.0
95230,85299.0,33153.0,597.0
95231,41445.0,13369.0,5092.0
95246,40997.0,34199.0,1032.0
95247,49162.0,37795.0,4270.0
95315,55795.0,17519.0,14019.0
95689,56146.0,42802.0,1698.0
95326,74777.0,31154.0,9888.0
95328,54806.0,18269.0,4518.0
95841,47215.0,25167.0,20586.0
95912,68590.0,27047.0,5010.0
95948,53438.0,22600.0,11173.0
95950,31731.0,13565.0,394.0
95953,57556.0,23997.0,10942.0
95956,110625.0,50616.0,290.0
95987,60774.0,28588.0,6119.0
95334,52284.0,18040.0,16787.0
95337,80351.0,29711.0,37706.0
95356,69334.0,36311.0,32842.0
95363,66578.0,23119.0,26900.0
95383,64338.0,51586.0,3828.0
93265,59191.0,40022.0,3271.0
93287,92083.0,42468.0,96.0
93309,50742.0,24970.0,59378.0
93311,95293.0,39804.0,45763.0
93427,82917.0,35488.0,6071.0
93446,65694.0,34752.0,44753.0
93451,63401.0,27272.0,4089.0
93254,54444.0,20619.0,858.0
93285,30665.0,28601.0,2085.0
93286,42489.0,17861.0,9755.0
93312,97311.0,38306.0,60238.0
93109,96799.0,58015.0,11573.0
93111,106750.0,49625.0,17263.0
93201,31154.0,10728.0,1431.0
93221,50469.0,25562.0,14328.0
93230,59904.0,26185.0,66800.0
93401,65846.0,41526.0,28423.0
93207,18846.0,15935.0,239.0
93544,44156.0,29275.0,1181.0
93727,54491.0,21894.0,82920.0
93204,41709.0,9331.0,12923.0
93266,46107.0,15414.0,1406.0
93428,69766.0,41989.0,5981.0
93434,45361.0,16095.0,7350.0
93440,71433.0,32430.0,1648.0
93535,43929.0,16494.0,72948.0
93510,102563.0,44442.0,7626.0
93513,57813.0,30275.0,1692.0
93517,60878.0,34227.0,526.0
93543,48542.0,18370.0,15135.0
93555,64431.0,31663.0,33742.0
93604,84186.0,60016.0,629.0
93614,64722.0,33076.0,11676.0
93625,55588.0,22114.0,7862.0
93630,46311.0,19075.0,20195.0
93631,65466.0,29953.0,16349.0
93637,52207.0,21669.0,39381.0
93643,60445.0,30253.0,2960.0
93926,57246.0,18743.0,9262.0
90242,66019.0,24903.0,42553.0
90620,88082.0,30950.0,46842.0
90623,99576.0,40247.0,15813.0
90630,92073.0,37271.0,49169.0
90713,100132.0,37166.0,29061.0
90715,72616.0,27108.0,20136.0
95623,63160.0,34905.0,3730.0
95140,71563.0,52668.0,115.0
95937,49095.0,25172.0,1442.0
95939,34375.0,15164.0,673.0
95951,43688.0,15007.0,2788.0
95960,46591.0,24879.0,825.0
95979,39167.0,32524.0,430.0
95991,47871.0,22930.0,40684.0
95003,96600.0,53530.0,24837.0
95012,54333.0,16410.0,10792.0
95017,63333.0,41724.0,603.0
90716,45150.0,15849.0,14344.0
90717,69150.0,36903.0,21696.0
90731,51161.0,29603.0,61850.0
90744,47776.0,17071.0,57206.0
90746,84523.0,32749.0,26996.0
90008,39907.0,31172.0,31739.0
90013,21676.0,39316.0,11937.0
90016,46680.0,24790.0,46581.0
90017,31423.0,24409.0,26728.0
90036,80998.0,58567.0,37988.0
90064,95865.0,66508.0,25429.0
90504,86563.0,37246.0,33721.0
90602,51237.0,23245.0,25981.0
90631,79500.0,34038.0,69502.0
90814,69867.0,45265.0,18587.0
90815,88710.0,40777.0,41026.0
90230,80677.0,44768.0,32808.0
90249,59778.0,27475.0,26587.0
90272,194151.0,129521.0,22551.0
90291,91779.0,74585.0,27525.0
90303,50438.0,20344.0,24693.0
90403,107335.0,78563.0,24354.0
90006,35411.0,16383.0,61698.0
90032,50989.0,20814.0,47627.0
90042,59746.0,27780.0,63911.0
90043,47500.0,29541.0,44627.0
90047,47477.0,24189.0,48883.0
90049,127658.0,101869.0,36964.0
90212,93846.0,75033.0,13156.0
90245,98813.0,49818.0,16850.0
90277,102281.0,63149.0,34506.0
90290,118667.0,62612.0,5371.0
90302,47863.0,23302.0,30828.0
90503,90102.0,43041.0,44908.0
94577,75121.0,35985.0,48088.0
94590,49558.0,25805.0,37377.0
94599,64545.0,57863.0,3078.0
94074,121290.0,111112.0,197.0
94131,137762.0,84071.0,29902.0
94526,142426.0,74583.0,32539.0
94951,94126.0,45711.0,4571.0
94806,59564.0,24478.0,64410.0
94903,102947.0,58504.0,30048.0
94930,105100.0,58895.0,8678.0
94954,90911.0,40619.0,38414.0
93932,37273.0,17100.0,810.0
90065,63147.0,31523.0,47887.0
90241,69308.0,26901.0,44143.0
90248,62179.0,29146.0,11512.0
90270,39760.0,14451.0,27454.0
90275,133156.0,63906.0,42421.0
90305,74009.0,38255.0,15397.0
90401,72872.0,71623.0,7256.0
90402,147111.0,124128.0,11866.0
90404,75221.0,49181.0,22819.0
90670,67500.0,25199.0,16578.0
90745,76551.0,26513.0,56821.0
90806,49962.0,20656.0,42817.0
90813,36075.0,15421.0,59000.0
90001,38521.0,12835.0,58975.0
90012,42275.0,27356.0,35913.0
90034,71295.0,45844.0,55652.0
90061,39739.0,15992.0,27646.0
90066,79088.0,48514.0,59394.0
90638,87429.0,32014.0,49383.0
90712,91242.0,35582.0,31063.0
90804,49860.0,26400.0,39344.0
90807,77488.0,42071.0,32067.0
90810,58095.0,19400.0,38579.0
90501,70671.0,30183.0,42335.0
90660,65617.0,22075.0,63380.0
90704,69828.0,37346.0,3922.0
90720,101484.0,46123.0,22389.0
90723,53031.0,17381.0,54776.0
90803,87870.0,66068.0,32389.0
90022,43366.0,16180.0,65890.0
90019,52625.0,31994.0,66245.0
90028,43998.0,36703.0,30734.0
90037,33856.0,13283.0,65016.0
90041,80547.0,38137.0,29516.0
90048,95197.0,76790.0,22892.0
90057,33861.0,16600.0,49492.0
90067,129306.0,135962.0,2314.0
90068,83756.0,81972.0,20982.0
90069,92952.0,89862.0,20435.0
90210,143542.0,116411.0,19909.0
90221,48762.0,15167.0,52322.0
90232,82164.0,51972.0,14660.0
90240,82722.0,32167.0,26205.0
90247,51386.0,23789.0,47531.0
90274,162163.0,86426.0,25279.0
90293,103874.0,75708.0,12694.0
90301,44135.0,19934.0,37291.0
91006,100730.0,42684.0,33012.0
91011,161450.0,78405.0,20423.0
91201,58004.0,32925.0,23619.0
91302,129145.0,80187.0,26634.0
91901,92287.0,40882.0,18558.0
91902,95330.0,37505.0,20138.0
91914,133730.0,40907.0,16357.0
91916,98235.0,39827.0,1962.0
91932,51838.0,24079.0,26701.0
91935,100534.0,42324.0,8332.0
91950,45712.0,20983.0,62639.0
90502,69824.0,33240.0,18188.0
90603,98181.0,34085.0,21299.0
90604,70877.0,26411.0,42063.0
90007,25226.0,16212.0,41716.0
90015,39016.0,32600.0,21801.0
90003,37226.0,12316.0,72741.0
90020,46504.0,29899.0,39102.0
90023,41308.0,14157.0,46780.0
90027,64091.0,50282.0,44686.0
90039,86031.0,48035.0,29589.0
90045,96812.0,52519.0,41149.0
90046,67667.0,65751.0,50587.0
90077,210833.0,116179.0,8993.0
90260,62047.0,24392.0,35161.0
90262,49801.0,15590.0,70936.0
90278,118000.0,55624.0,40649.0
90211,82212.0,65606.0,7969.0
90056,86100.0,56024.0,7795.0
90058,20982.0,10862.0,2758.0
90062,44835.0,19099.0,34422.0
90220,53988.0,17765.0,53703.0
90222,45689.0,15260.0,32850.0
90255,42581.0,14733.0,75560.0
90265,149202.0,112483.0,18389.0
90266,150083.0,93616.0,35573.0
90292,109268.0,87124.0,22490.0
90304,44574.0,15695.0,25591.0
90505,96827.0,47017.0,37641.0
90621,60799.0,24646.0,35398.0
90640,53615.0,23059.0,63177.0
90650,66453.0,22076.0,105886.0
90002,35410.0,12372.0,53111.0
90005,35149.0,22694.0,39479.0
90011,36954.0,11985.0,109414.0
90014,35857.0,47740.0,8335.0
90026,60820.0,34316.0,69589.0
90033,35548.0,14851.0,47583.0
90038,39984.0,26001.0,27660.0
90040,46532.0,17821.0,12645.0
90044,34311.0,15416.0,96436.0
90808,109918.0,48646.0,38860.0
90680,58402.0,22425.0,30321.0
90701,63792.0,24172.0,16858.0
90802,53358.0,38355.0,39453.0
90805,49370.0,19114.0,96708.0
90004,48754.0,31139.0,61586.0
90605,75575.0,25934.0,40957.0
90606,70640.0,24520.0,32803.0
90703,98934.0,38355.0,50963.0
90732,99519.0,46518.0,22273.0
90740,67970.0,55618.0,24494.0
90742,81667.0,73855.0,699.0
90021,15149.0,30468.0,2922.0
90059,41995.0,13197.0,45952.0
90280,50246.0,17174.0,95103.0
90743,150208.0,78193.0,267.0
90405,94446.0,69183.0,28115.0
90706,55729.0,23394.0,77529.0
90018,41768.0,20658.0,53256.0
90250,53303.0,24581.0,96836.0
90601,74296.0,31615.0,33058.0
90254,137188.0,92921.0,19650.0
90710,59817.0,26646.0,28185.0
90094,146325.0,92419.0,9368.0
90755,75461.0,37498.0,11555.0
94043,125916.0,71492.0,31488.0
94087,153036.0,69982.0,57219.0
94089,112750.0,52528.0,22313.0
94108,62173.0,55302.0,14550.0
94116,107619.0,55140.0,47823.0
94118,110216.0,71567.0,41468.0
94122,109607.0,54038.0,62131.0
94306,142438.0,78952.0,27549.0
94401,89176.0,43426.0,35414.0
94508,87422.0,32269.0,4298.0
94515,84000.0,55297.0,7436.0
94518,93085.0,42602.0,28428.0
94530,99954.0,51876.0,25754.0
94536,116609.0,46643.0,73855.0
94541,74552.0,31260.0,66056.0
94546,91513.0,42245.0,44272.0
94547,110476.0,42830.0,25343.0
94552,151667.0,66913.0,15412.0
94565,67772.0,26187.0,96081.0
94566,153684.0,68989.0,45910.0
93003,77185.0,36589.0,52272.0
93023,72670.0,43892.0,20231.0
93103,90986.0,46447.0,20353.0
93108,139130.0,95939.0,10896.0
93601,59278.0,27185.0,1726.0
93603,28828.0,62223.0,183.0
93245,57314.0,24160.0,38606.0
93449,88003.0,60148.0,8116.0
93652,37313.0,13322.0,426.0
93033,61698.0,16787.0,83782.0
93036,70173.0,24967.0,47442.0
93043,88333.0,12327.0,184.0
93258,28387.0,12228.0,2075.0
93314,108767.0,42011.0,28590.0
93592,63194.0,40147.0,77.0
93619,118010.0,46383.0,37463.0
93636,80074.0,31822.0,12690.0
93723,82708.0,33183.0,13189.0
93730,114171.0,52607.0,11926.0
93235,33441.0,12435.0,4198.0
93283,34611.0,18774.0,2343.0
93953,138542.0,75179.0,4117.0
93426,81917.0,33059.0,1604.0
93545,43859.0,23930.0,1899.0
93623,108092.0,38099.0,123.0
93611,87379.0,33430.0,48473.0
92114,64390.0,22606.0,70039.0
92115,48442.0,23780.0,65853.0
92120,91947.0,46412.0,29142.0
92122,80232.0,42347.0,48438.0
92154,64942.0,21034.0,86811.0
92220,41144.0,20927.0,33014.0
92233,35230.0,6919.0,7618.0
92274,27779.0,13401.0,15118.0
92308,49098.0,22957.0,41807.0
94063,71458.0,31362.0,34503.0
94535,64888.0,22709.0,3857.0
94561,93515.0,31397.0,41911.0
94567,57250.0,37183.0,696.0
94585,78750.0,29794.0,29599.0
94588,143903.0,59700.0,36316.0
94592,126389.0,42299.0,1087.0
94607,50149.0,36394.0,26254.0
94611,124483.0,78683.0,39384.0
94709,71175.0,47547.0,11740.0
94805,78740.0,39368.0,14208.0
94022,216042.0,122105.0,19378.0
